{"cameraMode":{"drawMode":0,"name":"Shaded","section":"Shading Mode"},"sceneLighting":false,"audioPlay":false,"sceneViewState":{"m_AlwaysRefresh":false,"showFog":true,"showSkybox":false,"showFlares":true,"showImageEffects":true,"showParticleSystems":true,"showVisualEffectGraphs":true,"m_FxEnabled":true},"in2DMode":false,"pivot":{"x":0.1420702338218689,"y":1.7069792747497559,"z":0.42843449115753176},"rotation":{"x":-0.14218951761722566,"y":0.20305193960666657,"z":-0.029848482459783555,"w":-0.9683709144592285},"size":3.6964335441589357,"orthographic":false}