{"cameraMode":{"drawMode":0,"name":"Shaded","section":"Shading Mode"},"sceneLighting":false,"audioPlay":false,"sceneViewState":{"m_AlwaysRefresh":false,"showFog":true,"showSkybox":false,"showFlares":true,"showImageEffects":true,"showParticleSystems":true,"showVisualEffectGraphs":true,"m_FxEnabled":true},"in2DMode":false,"pivot":{"x":0.5110377073287964,"y":17.530670166015626,"z":-3.9500813484191896},"rotation":{"x":-0.015351207926869393,"y":-0.9692853093147278,"z":0.23750591278076173,"w":-0.06260000914335251},"size":4.9789204597473148,"orthographic":false}