{"cameraMode":{"drawMode":0,"name":"Shaded","section":"Shading Mode"},"sceneLighting":false,"audioPlay":false,"sceneViewState":{"m_AlwaysRefresh":false,"showFog":true,"showSkybox":false,"showFlares":true,"showImageEffects":true,"showParticleSystems":true,"showVisualEffectGraphs":true,"m_FxEnabled":true},"in2DMode":false,"pivot":{"x":0.18650273978710175,"y":9.563179016113282,"z":-1.7768843173980713},"rotation":{"x":-0.015351207926869393,"y":-0.9692853093147278,"z":0.23750591278076173,"w":-0.06260000914335251},"size":1.215968132019043,"orthographic":false}